Method,Dataset,F1-score,Precision,Recall,Accuracy,AUC,Normal,Anomaly
k-neighbors,og,0.8388636858241472,0.8785682314606539,0.8427438814202,0.8427438814202,0.8423714957379923,7246,4978
k-neighbors,pca,0.9913822657515416,0.9913830128861182,0.9913822819717338,0.9913822819717338,0.9913807346033962,7212,7168
k-neighbors,pearson,0.9853814940234475,0.9857029504760128,0.9853843502240608,0.9853843502240608,0.9853533231492562,7257,7036
k-neighbors,lda,0.9911748298036624,0.9912800994023548,0.9911754567390556,0.9911754567390556,0.991157771759434,7259,7118
supervised_neural_network,og,0.9933122582371091,0.993397103335648,0.9933126508100655,0.9933126508100655,0.9932968081759064,7269,7139
supervised_neural_network,pca,0.9919334248482867,0.9920011736218202,0.9919338159255429,0.9919338159255429,0.9919196288103548,7254,7134
supervised_neural_network,pearson,0.9910370179803804,0.9911269621848208,0.9910375732506033,0.9910375732506033,0.9910212183058627,7254,7121
supervised_neural_network,lda,0.9881414099026075,0.9882135560330407,0.9881420199931058,0.9881420199931058,0.9881273117363725,7228,7105
